feature,importance
study_hours,0.32207661797168946
previous_grade,0.17599982668978964
attendance,0.13380259077794238
parental_support,0.1115296764698395
extracurricular,0.08347158616525513
assignments_completed,0.07708287473730481
sleep_hours,0.06558977429932354
age,0.030447052888855696
